ID,YEAR,WEEK,FY,MONTH 445,MONTH NEW
1,2005,1,2005,January,January
2,2005,2,2005,January,January
3,2005,3,2005,January,January
4,2005,4,2005,January,January
5,2005,5,2005,February,February
6,2005,6,2005,February,February
7,2005,7,2005,February,February
8,2005,8,2005,February,February
9,2005,9,2005,March,March
10,2005,10,2005,March,March
11,2005,11,2005,March,March
12,2005,12,2005,March,March
13,2005,13,2005,March,March
14,2005,14,2005,April,April
15,2005,15,2005,April,April
16,2005,16,2005,April,April
17,2005,17,2005,April,April
18,2005,18,2005,May,May
19,2005,19,2005,May,May
20,2005,20,2005,May,May
21,2005,21,2005,May,May
22,2005,22,2005,June,June
23,2005,23,2005,June,June
24,2005,24,2005,June,June
25,2005,25,2005,June,June
26,2005,26,2005,June,June
27,2005,27,2006,July,July
28,2005,28,2006,July,July
29,2005,29,2006,July,July
30,2005,30,2006,July,July
31,2005,31,2006,August,August
32,2005,32,2006,August,August
33,2005,33,2006,August,August
34,2005,34,2006,August,August
35,2005,35,2006,September,September
36,2005,36,2006,September,September
37,2005,37,2006,September,September
38,2005,38,2006,September,September
39,2005,39,2006,September,September
40,2005,40,2006,October,October
41,2005,41,2006,October,October
42,2005,42,2006,October,October
43,2005,43,2006,October,October
44,2005,44,2006,November,November
45,2005,45,2006,November,November
46,2005,46,2006,November,November
47,2005,47,2006,November,November
48,2005,48,2006,December,December
49,2005,49,2006,December,December
50,2005,50,2006,December,December
51,2005,51,2006,December,December
52,2005,52,2006,December,December
53,2005,53,2006,December,December
54,2006,1,2006,January,January
55,2006,2,2006,January,January
56,2006,3,2006,January,January
57,2006,4,2006,January,January
58,2006,5,2006,February,February
59,2006,6,2006,February,February
60,2006,7,2006,February,February
61,2006,8,2006,February,February
62,2006,9,2006,March,March
63,2006,10,2006,March,March
64,2006,11,2006,March,March
65,2006,12,2006,March,March
66,2006,13,2006,March,March
67,2006,14,2006,April,April
68,2006,15,2006,April,April
69,2006,16,2006,April,April
70,2006,17,2006,April,April
71,2006,18,2006,May,May
72,2006,19,2006,May,May
73,2006,20,2006,May,May
74,2006,21,2006,May,May
75,2006,22,2006,June,June
76,2006,23,2006,June,June
77,2006,24,2006,June,June
78,2006,25,2006,June,June
79,2006,26,2006,June,June
80,2006,27,2007,July,July
81,2006,28,2007,July,July
82,2006,29,2007,July,July
83,2006,30,2007,July,July
84,2006,31,2007,August,August
85,2006,32,2007,August,August
86,2006,33,2007,August,August
87,2006,34,2007,August,August
88,2006,35,2007,September,September
89,2006,36,2007,September,September
90,2006,37,2007,September,September
91,2006,38,2007,September,September
92,2006,39,2007,September,September
93,2006,40,2007,October,October
94,2006,41,2007,October,October
95,2006,42,2007,October,October
96,2006,43,2007,October,October
97,2006,44,2007,November,November
98,2006,45,2007,November,November
99,2006,46,2007,November,November
100,2006,47,2007,November,November
101,2006,48,2007,December,December
102,2006,49,2007,December,December
103,2006,50,2007,December,December
104,2006,51,2007,December,December
105,2006,52,2007,December,December
106,2006,53,2007,December,December
107,2007,1,2007,January,January
108,2007,2,2007,January,January
109,2007,3,2007,January,January
110,2007,4,2007,January,January
111,2007,5,2007,February,February
112,2007,6,2007,February,February
113,2007,7,2007,February,February
114,2007,8,2007,February,February
115,2007,9,2007,March,March
116,2007,10,2007,March,March
117,2007,11,2007,March,March
118,2007,12,2007,March,March
119,2007,13,2007,March,March
120,2007,14,2007,April,April
121,2007,15,2007,April,April
122,2007,16,2007,April,April
123,2007,17,2007,April,April
124,2007,18,2007,May,May
125,2007,19,2007,May,May
126,2007,20,2007,May,May
127,2007,21,2007,May,May
128,2007,22,2007,June,June
129,2007,23,2007,June,June
130,2007,24,2007,June,June
131,2007,25,2007,June,June
132,2007,26,2007,June,June
133,2007,27,2008,July,July
134,2007,28,2008,July,July
135,2007,29,2008,July,July
136,2007,30,2008,July,July
137,2007,31,2008,August,August
138,2007,32,2008,August,August
139,2007,33,2008,August,August
140,2007,34,2008,August,August
141,2007,35,2008,September,September
142,2007,36,2008,September,September
143,2007,37,2008,September,September
144,2007,38,2008,September,September
145,2007,39,2008,September,September
146,2007,40,2008,October,October
147,2007,41,2008,October,October
148,2007,42,2008,October,October
149,2007,43,2008,October,October
150,2007,44,2008,November,November
151,2007,45,2008,November,November
152,2007,46,2008,November,November
153,2007,47,2008,November,November
154,2007,48,2008,December,December
155,2007,49,2008,December,December
156,2007,50,2008,December,December
157,2007,51,2008,December,December
158,2007,52,2008,December,December
159,2007,53,2008,December,December
160,2008,1,2008,January,January
161,2008,2,2008,January,January
162,2008,3,2008,January,January
163,2008,4,2008,January,January
164,2008,5,2008,February,February
165,2008,6,2008,February,February
166,2008,7,2008,February,February
167,2008,8,2008,February,February
168,2008,9,2008,March,March
169,2008,10,2008,March,March
170,2008,11,2008,March,March
171,2008,12,2008,March,March
172,2008,13,2008,March,March
173,2008,14,2008,April,April
174,2008,15,2008,April,April
175,2008,16,2008,April,April
176,2008,17,2008,April,April
177,2008,18,2008,May,May
178,2008,19,2008,May,May
179,2008,20,2008,May,May
180,2008,21,2008,May,May
181,2008,22,2008,June,June
182,2008,23,2008,June,June
183,2008,24,2008,June,June
184,2008,25,2008,June,June
185,2008,26,2008,June,June
186,2008,27,2009,July,July
187,2008,28,2009,July,July
188,2008,29,2009,July,July
189,2008,30,2009,July,July
190,2008,31,2009,August,August
191,2008,32,2009,August,August
192,2008,33,2009,August,August
193,2008,34,2009,August,August
194,2008,35,2009,September,September
195,2008,36,2009,September,September
196,2008,37,2009,September,September
197,2008,38,2009,September,September
198,2008,39,2009,September,September
199,2008,40,2009,October,October
200,2008,41,2009,October,October
201,2008,42,2009,October,October
202,2008,43,2009,October,October
203,2008,44,2009,November,November
204,2008,45,2009,November,November
205,2008,46,2009,November,November
206,2008,47,2009,November,November
207,2008,48,2009,December,December
208,2008,49,2009,December,December
209,2008,50,2009,December,December
210,2008,51,2009,December,December
211,2008,52,2009,December,December
212,2008,53,2009,December,December
213,2009,1,2009,January,January
214,2009,2,2009,January,January
215,2009,3,2009,January,January
216,2009,4,2009,January,January
217,2009,5,2009,February,February
218,2009,6,2009,February,February
219,2009,7,2009,February,February
220,2009,8,2009,February,February
221,2009,9,2009,March,March
222,2009,10,2009,March,March
223,2009,11,2009,March,March
224,2009,12,2009,March,March
225,2009,13,2009,March,March
226,2009,14,2009,April,April
227,2009,15,2009,April,April
228,2009,16,2009,April,April
229,2009,17,2009,April,April
230,2009,18,2009,May,May
231,2009,19,2009,May,May
232,2009,20,2009,May,May
233,2009,21,2009,May,May
234,2009,22,2009,June,June
235,2009,23,2009,June,June
236,2009,24,2009,June,June
237,2009,25,2009,June,June
238,2009,26,2009,June,June
239,2009,27,2010,July,July
240,2009,28,2010,July,July
241,2009,29,2010,July,July
242,2009,30,2010,July,July
243,2009,31,2010,August,August
244,2009,32,2010,August,August
245,2009,33,2010,August,August
246,2009,34,2010,August,August
247,2009,35,2010,September,September
248,2009,36,2010,September,September
249,2009,37,2010,September,September
250,2009,38,2010,September,September
251,2009,39,2010,September,September
252,2009,40,2010,October,October
253,2009,41,2010,October,October
254,2009,42,2010,October,October
255,2009,43,2010,October,October
256,2009,44,2010,November,November
257,2009,45,2010,November,November
258,2009,46,2010,November,November
259,2009,47,2010,November,November
260,2009,48,2010,December,December
261,2009,49,2010,December,December
262,2009,50,2010,December,December
263,2009,51,2010,December,December
264,2009,52,2010,December,December
265,2009,53,2010,December,December
266,2010,1,2010,January,January
267,2010,2,2010,January,January
268,2010,3,2010,January,January
269,2010,4,2010,January,January
270,2010,5,2010,February,February
271,2010,6,2010,February,February
272,2010,7,2010,February,February
273,2010,8,2010,February,February
274,2010,9,2010,March,March
275,2010,10,2010,March,March
276,2010,11,2010,March,March
277,2010,12,2010,March,March
278,2010,13,2010,March,March
279,2010,14,2010,April,April
280,2010,15,2010,April,April
281,2010,16,2010,April,April
282,2010,17,2010,April,April
283,2010,18,2010,May,May
284,2010,19,2010,May,May
285,2010,20,2010,May,May
286,2010,21,2010,May,May
287,2010,22,2010,June,June
288,2010,23,2010,June,June
289,2010,24,2010,June,June
290,2010,25,2010,June,June
291,2010,26,2010,June,June
292,2010,27,2011,July,July
293,2010,28,2011,July,July
294,2010,29,2011,July,July
295,2010,30,2011,July,July
296,2010,31,2011,August,August
297,2010,32,2011,August,August
298,2010,33,2011,August,August
299,2010,34,2011,August,August
300,2010,35,2011,September,September
301,2010,36,2011,September,September
302,2010,37,2011,September,September
303,2010,38,2011,September,September
304,2010,39,2011,September,September
305,2010,40,2011,October,October
306,2010,41,2011,October,October
307,2010,42,2011,October,October
308,2010,43,2011,October,October
309,2010,44,2011,November,November
310,2010,45,2011,November,November
311,2010,46,2011,November,November
312,2010,47,2011,November,November
313,2010,48,2011,December,December
314,2010,49,2011,December,December
315,2010,50,2011,December,December
316,2010,51,2011,December,December
317,2010,52,2011,December,December
318,2010,53,2011,December,December
319,2011,1,2011,January,January
320,2011,2,2011,January,January
321,2011,3,2011,January,January
322,2011,4,2011,January,January
323,2011,5,2011,February,February
324,2011,6,2011,February,February
325,2011,7,2011,February,February
326,2011,8,2011,February,February
327,2011,9,2011,March,March
328,2011,10,2011,March,March
329,2011,11,2011,March,March
330,2011,12,2011,March,March
331,2011,13,2011,March,March
332,2011,14,2011,April,April
333,2011,15,2011,April,April
334,2011,16,2011,April,April
335,2011,17,2011,April,April
336,2011,18,2011,May,May
337,2011,19,2011,May,May
338,2011,20,2011,May,May
339,2011,21,2011,May,May
340,2011,22,2011,June,June
341,2011,23,2011,June,June
342,2011,24,2011,June,June
343,2011,25,2011,June,June
344,2011,26,2011,June,June
345,2011,27,2012,July,July
346,2011,28,2012,July,July
347,2011,29,2012,July,July
348,2011,30,2012,July,July
349,2011,31,2012,August,August
350,2011,32,2012,August,August
351,2011,33,2012,August,August
352,2011,34,2012,August,August
353,2011,35,2012,September,September
354,2011,36,2012,September,September
355,2011,37,2012,September,September
356,2011,38,2012,September,September
357,2011,39,2012,September,September
358,2011,40,2012,October,October
359,2011,41,2012,October,October
360,2011,42,2012,October,October
361,2011,43,2012,October,October
362,2011,44,2012,November,November
363,2011,45,2012,November,November
364,2011,46,2012,November,November
365,2011,47,2012,November,November
366,2011,48,2012,December,December
367,2011,49,2012,December,December
368,2011,50,2012,December,December
369,2011,51,2012,December,December
370,2011,52,2012,December,December
371,2011,53,2012,December,December
372,2012,1,2012,January,January
373,2012,2,2012,January,January
374,2012,3,2012,January,January
375,2012,4,2012,January,January
376,2012,5,2012,February,February
377,2012,6,2012,February,February
378,2012,7,2012,February,February
379,2012,8,2012,February,February
380,2012,9,2012,March,March
381,2012,10,2012,March,March
382,2012,11,2012,March,March
383,2012,12,2012,March,March
384,2012,13,2012,March,March
385,2012,14,2012,April,April
386,2012,15,2012,April,April
387,2012,16,2012,April,April
388,2012,17,2012,April,April
389,2012,18,2012,May,May
390,2012,19,2012,May,May
391,2012,20,2012,May,May
392,2012,21,2012,May,May
393,2012,22,2012,June,June
394,2012,23,2012,June,June
395,2012,24,2012,June,June
396,2012,25,2012,June,June
397,2012,26,2012,June,June
398,2012,27,2013,July,July
399,2012,28,2013,July,July
400,2012,29,2013,July,July
401,2012,30,2013,July,July
402,2012,31,2013,August,August
403,2012,32,2013,August,August
404,2012,33,2013,August,August
405,2012,34,2013,August,August
406,2012,35,2013,September,September
407,2012,36,2013,September,September
408,2012,37,2013,September,September
409,2012,38,2013,September,September
410,2012,39,2013,September,September
411,2012,40,2013,October,October
412,2012,41,2013,October,October
413,2012,42,2013,October,October
414,2012,43,2013,October,October
415,2012,44,2013,November,November
416,2012,45,2013,November,November
417,2012,46,2013,November,November
418,2012,47,2013,November,November
419,2012,48,2013,December,December
420,2012,49,2013,December,December
421,2012,50,2013,December,December
422,2012,51,2013,December,December
423,2012,52,2013,December,December
424,2012,53,2013,December,December
425,2013,1,2013,January,January
426,2013,2,2013,January,January
427,2013,3,2013,January,January
428,2013,4,2013,January,January
429,2013,5,2013,February,February
430,2013,6,2013,February,February
431,2013,7,2013,February,February
432,2013,8,2013,February,February
433,2013,9,2013,March,March
434,2013,10,2013,March,March
435,2013,11,2013,March,March
436,2013,12,2013,March,March
437,2013,13,2013,March,March
438,2013,14,2013,April,April
439,2013,15,2013,April,April
440,2013,16,2013,April,April
441,2013,17,2013,April,April
442,2013,18,2013,May,May
443,2013,19,2013,May,May
444,2013,20,2013,May,May
445,2013,21,2013,May,May
446,2013,22,2013,June,June
447,2013,23,2013,June,June
448,2013,24,2013,June,June
449,2013,25,2013,June,June
450,2013,26,2013,June,June
451,2013,27,2014,July,July
452,2013,28,2014,July,July
453,2013,29,2014,July,July
454,2013,30,2014,July,July
455,2013,31,2014,August,August
456,2013,32,2014,August,August
457,2013,33,2014,August,August
458,2013,34,2014,August,August
459,2013,35,2014,September,September
460,2013,36,2014,September,September
461,2013,37,2014,September,September
462,2013,38,2014,September,September
463,2013,39,2014,September,September
464,2013,40,2014,October,October
465,2013,41,2014,October,October
466,2013,42,2014,October,October
467,2013,43,2014,October,October
468,2013,44,2014,November,November
469,2013,45,2014,November,November
470,2013,46,2014,November,November
471,2013,47,2014,November,November
472,2013,48,2014,December,December
473,2013,49,2014,December,December
474,2013,50,2014,December,December
475,2013,51,2014,December,December
476,2013,52,2014,December,December
477,2013,53,2014,December,December
478,2014,1,2014,January,January
479,2014,2,2014,January,January
480,2014,3,2014,January,January
481,2014,4,2014,January,January
482,2014,5,2014,February,February
483,2014,6,2014,February,February
484,2014,7,2014,February,February
485,2014,8,2014,February,February
486,2014,9,2014,March,March
487,2014,10,2014,March,March
488,2014,11,2014,March,March
489,2014,12,2014,March,March
490,2014,13,2014,March,March
491,2014,14,2014,April,April
492,2014,15,2014,April,April
493,2014,16,2014,April,April
494,2014,17,2014,April,April
495,2014,18,2014,May,May
496,2014,19,2014,May,May
497,2014,20,2014,May,May
498,2014,21,2014,May,May
499,2014,22,2014,June,June
500,2014,23,2014,June,June
501,2014,24,2014,June,June
502,2014,25,2014,June,June
503,2014,26,2014,June,June
504,2014,27,2015,July,July
505,2014,28,2015,July,July
506,2014,29,2015,July,July
507,2014,30,2015,July,July
508,2014,31,2015,August,August
509,2014,32,2015,August,August
510,2014,33,2015,August,August
511,2014,34,2015,August,August
512,2014,35,2015,September,September
513,2014,36,2015,September,September
514,2014,37,2015,September,September
515,2014,38,2015,September,September
516,2014,39,2015,September,September
517,2014,40,2015,October,October
518,2014,41,2015,October,October
519,2014,42,2015,October,October
520,2014,43,2015,October,October
521,2014,44,2015,November,November
522,2014,45,2015,November,November
523,2014,46,2015,November,November
524,2014,47,2015,November,November
525,2014,48,2015,December,December
526,2014,49,2015,December,December
527,2014,50,2015,December,December
528,2014,51,2015,December,December
529,2014,52,2015,December,December
530,2014,53,2015,December,December
531,2015,1,2015,January,January
532,2015,2,2015,January,January
533,2015,3,2015,January,January
534,2015,4,2015,January,January
535,2015,5,2015,February,January
536,2015,6,2015,February,February
537,2015,7,2015,February,February
538,2015,8,2015,February,February
539,2015,9,2015,March,February
540,2015,10,2015,March,March
541,2015,11,2015,March,March
542,2015,12,2015,March,March
543,2015,13,2015,March,March
544,2015,14,2015,April,April
545,2015,15,2015,April,April
546,2015,16,2015,April,April
547,2015,17,2015,April,April
548,2015,18,2015,May,April
549,2015,19,2015,May,May
550,2015,20,2015,May,May
551,2015,21,2015,May,May
552,2015,22,2015,June,May
553,2015,23,2015,June,June
554,2015,24,2015,June,June
555,2015,25,2015,June,June
556,2015,26,2015,June,June
557,2015,27,2016,July,July
558,2015,28,2016,July,July
559,2015,29,2016,July,July
560,2015,30,2016,July,July
561,2015,31,2016,August,July
562,2015,32,2016,August,August
563,2015,33,2016,August,August
564,2015,34,2016,August,August
565,2015,35,2016,September,August
566,2015,36,2016,September,September
567,2015,37,2016,September,September
568,2015,38,2016,September,September
569,2015,39,2016,September,September
570,2015,40,2016,October,October
571,2015,41,2016,October,October
572,2015,42,2016,October,October
573,2015,43,2016,October,October
574,2015,44,2016,November,October
575,2015,45,2016,November,November
576,2015,46,2016,November,November
577,2015,47,2016,November,November
578,2015,48,2016,December,November
579,2015,49,2016,December,December
580,2015,50,2016,December,December
581,2015,51,2016,December,December
582,2015,52,2016,December,December
583,2015,53,2016,December,December
584,2016,1,2016,January,January
585,2016,2,2016,January,January
586,2016,3,2016,January,January
587,2016,4,2016,January,January
588,2016,5,2016,February,February
589,2016,6,2016,February,February
590,2016,7,2016,February,February
591,2016,8,2016,February,February
592,2016,9,2016,March,March
593,2016,10,2016,March,March
594,2016,11,2016,March,March
595,2016,12,2016,March,March
596,2016,13,2016,March,March
597,2016,14,2016,April,April
598,2016,15,2016,April,April
599,2016,16,2016,April,April
600,2016,17,2016,April,April
601,2016,18,2016,May,May
602,2016,19,2016,May,May
603,2016,20,2016,May,May
604,2016,21,2016,May,May
605,2016,22,2016,June,June
606,2016,23,2016,June,June
607,2016,24,2016,June,June
608,2016,25,2016,June,June
609,2016,26,2016,June,June
610,2016,27,2017,July,July
611,2016,28,2017,July,July
612,2016,29,2017,July,July
613,2016,30,2017,July,July
614,2016,31,2017,August,August
615,2016,32,2017,August,August
616,2016,33,2017,August,August
617,2016,34,2017,August,August
618,2016,35,2017,September,September
619,2016,36,2017,September,September
620,2016,37,2017,September,September
621,2016,38,2017,September,September
622,2016,39,2017,September,September
623,2016,40,2017,October,October
624,2016,41,2017,October,October
625,2016,42,2017,October,October
626,2016,43,2017,October,October
627,2016,44,2017,November,November
628,2016,45,2017,November,November
629,2016,46,2017,November,November
630,2016,47,2017,November,November
631,2016,48,2017,December,December
632,2016,49,2017,December,December
633,2016,50,2017,December,December
634,2016,51,2017,December,December
635,2016,52,2017,December,December
636,2016,53,2017,December,December
637,2017,1,2017,January,January
638,2017,2,2017,January,January
639,2017,3,2017,January,January
640,2017,4,2017,January,January
641,2017,5,2017,February,February
642,2017,6,2017,February,February
643,2017,7,2017,February,February
644,2017,8,2017,February,February
645,2017,9,2017,March,March
646,2017,10,2017,March,March
647,2017,11,2017,March,March
648,2017,12,2017,March,March
649,2017,13,2017,March,March
650,2017,14,2017,April,April
651,2017,15,2017,April,April
652,2017,16,2017,April,April
653,2017,17,2017,April,April
654,2017,18,2017,May,May
655,2017,19,2017,May,May
656,2017,20,2017,May,May
657,2017,21,2017,May,May
658,2017,22,2017,June,June
659,2017,23,2017,June,June
660,2017,24,2017,June,June
661,2017,25,2017,June,June
662,2017,26,2017,June,June
663,2017,27,2018,July,July
664,2017,28,2018,July,July
665,2017,29,2018,July,July
666,2017,30,2018,July,July
667,2017,31,2018,August,August
668,2017,32,2018,August,August
669,2017,33,2018,August,August
670,2017,34,2018,August,August
671,2017,35,2018,September,August
672,2017,36,2018,September,September
673,2017,37,2018,September,September
674,2017,38,2018,September,September
675,2017,39,2018,September,September
676,2017,40,2018,October,October
677,2017,41,2018,October,October
678,2017,42,2018,October,October
679,2017,43,2018,October,October
680,2017,44,2018,November,November
681,2017,45,2018,November,November
682,2017,46,2018,November,November
683,2017,47,2018,November,November
684,2017,48,2018,December,November
685,2017,49,2018,December,December
686,2017,50,2018,December,December
687,2017,51,2018,December,December
688,2017,52,2018,December,December
689,2017,53,2018,December,December
690,2018,1,2018,January,January
691,2018,2,2018,January,January
692,2018,3,2018,January,January
693,2018,4,2018,January,January
694,2018,5,2018,February,February
695,2018,6,2018,February,February
696,2018,7,2018,February,February
697,2018,8,2018,February,February
698,2018,9,2018,March,March
699,2018,10,2018,March,March
700,2018,11,2018,March,March
701,2018,12,2018,March,March
702,2018,13,2018,March,March
703,2018,14,2018,April,April
704,2018,15,2018,April,April
705,2018,16,2018,April,April
706,2018,17,2018,April,April
707,2018,18,2018,May,May
708,2018,19,2018,May,May
709,2018,20,2018,May,May
710,2018,21,2018,May,May
711,2018,22,2018,June,May
712,2018,23,2018,June,June
713,2018,24,2018,June,June
714,2018,25,2018,June,June
715,2018,26,2018,June,June
716,2018,27,2019,July,July
717,2018,28,2019,July,July
718,2018,29,2019,July,July
719,2018,30,2019,July,July
720,2018,31,2019,August,August
721,2018,32,2019,August,August
722,2018,33,2019,August,August
723,2018,34,2019,August,August
724,2018,35,2019,September,August
725,2018,36,2019,September,September
726,2018,37,2019,September,September
727,2018,38,2019,September,September
728,2018,39,2019,September,September
729,2018,40,2019,October,October
730,2018,41,2019,October,October
731,2018,42,2019,October,October
732,2018,43,2019,October,October
733,2018,44,2019,November,November
734,2018,45,2019,November,November
735,2018,46,2019,November,November
736,2018,47,2019,November,November
737,2018,48,2019,December,November
738,2018,49,2019,December,December
739,2018,50,2019,December,December
740,2018,51,2019,December,December
741,2018,52,2019,December,December
742,2018,53,2019,December,December
743,2019,1,2019,January,January
744,2019,2,2019,January,January
745,2019,3,2019,January,January
746,2019,4,2019,January,January
747,2019,5,2019,February,February
748,2019,6,2019,February,February
749,2019,7,2019,February,February
750,2019,8,2019,February,February
751,2019,9,2019,March,March
752,2019,10,2019,March,March
753,2019,11,2019,March,March
754,2019,12,2019,March,March
755,2019,13,2019,March,March
756,2019,14,2019,April,April
757,2019,15,2019,April,April
758,2019,16,2019,April,April
759,2019,17,2019,April,April
760,2019,18,2019,May,May
761,2019,19,2019,May,May
762,2019,20,2019,May,May
763,2019,21,2019,May,May
764,2019,22,2019,June,May
765,2019,23,2019,June,June
766,2019,24,2019,June,June
767,2019,25,2019,June,June
768,2019,26,2019,June,June
769,2019,27,2020,July,July
770,2019,28,2020,July,July
771,2019,29,2020,July,July
772,2019,30,2020,July,July
773,2019,31,2020,August,August
774,2019,32,2020,August,August
775,2019,33,2020,August,August
776,2019,34,2020,August,August
777,2019,35,2020,September,August
778,2019,36,2020,September,September
779,2019,37,2020,September,September
780,2019,38,2020,September,September
781,2019,39,2020,September,September
782,2019,40,2020,October,October
783,2019,41,2020,October,October
784,2019,42,2020,October,October
785,2019,43,2020,October,October
786,2019,44,2020,November,November
787,2019,45,2020,November,November
788,2019,46,2020,November,November
789,2019,47,2020,November,November
790,2019,48,2020,December,November
791,2019,49,2020,December,December
792,2019,50,2020,December,December
793,2019,51,2020,December,December
794,2019,52,2020,December,December
795,2020,1,2020,January,January
796,2020,2,2020,January,January
797,2020,3,2020,January,January
798,2020,4,2020,January,January
799,2020,5,2020,February,February
800,2020,6,2020,February,February
801,2020,7,2020,February,February
802,2020,8,2020,February,February
803,2020,9,2020,March,March
804,2020,10,2020,March,March
805,2020,11,2020,March,March
806,2020,12,2020,March,March
807,2020,13,2020,March,March
808,2020,14,2020,April,April
809,2020,15,2020,April,April
810,2020,16,2020,April,April
811,2020,17,2020,April,April
812,2020,18,2020,May,May
813,2020,19,2020,May,May
814,2020,20,2020,May,May
815,2020,21,2020,May,May
816,2020,22,2020,June,June
817,2020,23,2020,June,June
818,2020,24,2020,June,June
819,2020,25,2020,June,June
820,2020,26,2020,June,June
821,2020,27,2021,July,July
822,2020,28,2021,July,July
823,2020,29,2021,July,July
824,2020,30,2021,July,July
825,2020,31,2021,August,August
826,2020,32,2021,August,August
827,2020,33,2021,August,August
828,2020,34,2021,August,August
829,2020,35,2021,September,August
830,2020,36,2021,September,September
831,2020,37,2021,September,September
832,2020,38,2021,September,September
833,2020,39,2021,September,September
834,2020,40,2021,October,October
835,2020,41,2021,October,October
836,2020,42,2021,October,October
837,2020,43,2021,October,October
838,2020,44,2021,November,November
839,2020,45,2021,November,November
840,2020,46,2021,November,November
841,2020,47,2021,November,November
842,2020,48,2021,December,November
843,2020,49,2021,December,December
844,2020,50,2021,December,December
845,2020,51,2021,December,December
846,2020,52,2021,December,December
847,2020,53,2021,December,December
848,2021,1,2021,January,January
849,2021,2,2021,January,January
850,2021,3,2021,January,January
851,2021,4,2021,January,January
852,2021,5,2021,February,February
853,2021,6,2021,February,February
854,2021,7,2021,February,February
855,2021,8,2021,February,February
856,2021,9,2021,March,March
857,2021,10,2021,March,March
858,2021,11,2021,March,March
859,2021,12,2021,March,March
860,2021,13,2021,March,March
861,2021,14,2021,April,April
862,2021,15,2021,April,April
863,2021,16,2021,April,April
864,2021,17,2021,April,April
865,2021,18,2021,May,May
866,2021,19,2021,May,May
867,2021,20,2021,May,May
868,2021,21,2021,May,May
869,2021,22,2021,June,June
870,2021,23,2021,June,June
871,2021,24,2021,June,June
872,2021,25,2021,June,June
873,2021,26,2021,June,June
874,2021,27,2022,July,July
875,2021,28,2022,July,July
876,2021,29,2022,July,July
877,2021,30,2022,July,July
878,2021,31,2022,August,August
879,2021,32,2022,August,August
880,2021,33,2022,August,August
881,2021,34,2022,August,August
882,2021,35,2022,September,September
883,2021,36,2022,September,September
884,2021,37,2022,September,September
885,2021,38,2022,September,September
886,2021,39,2022,September,September
887,2021,40,2022,October,October
888,2021,41,2022,October,October
889,2021,42,2022,October,October
890,2021,43,2022,October,October
891,2021,44,2022,November,November
892,2021,45,2022,November,November
893,2021,46,2022,November,November
894,2021,47,2022,November,November
895,2021,48,2022,December,December
896,2021,49,2022,December,December
897,2021,50,2022,December,December
898,2021,51,2022,December,December
899,2021,52,2022,December,December
900,2021,53,2022,December,December
901,2022,1,2022,January,January
902,2022,2,2022,January,January
903,2022,3,2022,January,January
904,2022,4,2022,January,January
905,2022,5,2022,February,February
906,2022,6,2022,February,February
907,2022,7,2022,February,February
908,2022,8,2022,February,February
909,2022,9,2022,March,March
910,2022,10,2022,March,March
911,2022,11,2022,March,March
912,2022,12,2022,March,March
913,2022,13,2022,March,March
914,2022,14,2022,April,April
915,2022,15,2022,April,April
916,2022,16,2022,April,April
917,2022,17,2022,April,April
918,2022,18,2022,May,May
919,2022,19,2022,May,May
920,2022,20,2022,May,May
921,2022,21,2022,May,May
922,2022,22,2022,June,June
923,2022,23,2022,June,June
924,2022,24,2022,June,June
925,2022,25,2022,June,June
926,2022,26,2022,June,June
927,2022,27,2023,July,July
928,2022,28,2023,July,July
929,2022,29,2023,July,July
930,2022,30,2023,July,July
931,2022,31,2023,August,August
932,2022,32,2023,August,August
933,2022,33,2023,August,August
934,2022,34,2023,August,August
935,2022,35,2023,September,September
936,2022,36,2023,September,September
937,2022,37,2023,September,September
938,2022,38,2023,September,September
939,2022,39,2023,September,September
940,2022,40,2023,October,October
941,2022,41,2023,October,October
942,2022,42,2023,October,October
943,2022,43,2023,October,October
944,2022,44,2023,November,November
945,2022,45,2023,November,November
946,2022,46,2023,November,November
947,2022,47,2023,November,November
948,2022,48,2023,December,December
949,2022,49,2023,December,December
950,2022,50,2023,December,December
951,2022,51,2023,December,December
952,2022,52,2023,December,December
953,2022,53,2023,December,December
954,2023,1,2023,January,January
955,2023,2,2023,January,January
956,2023,3,2023,January,January
957,2023,4,2023,January,January
958,2023,5,2023,February,February
959,2023,6,2023,February,February
960,2023,7,2023,February,February
961,2023,8,2023,February,February
962,2023,9,2023,March,March
963,2023,10,2023,March,March
964,2023,11,2023,March,March
965,2023,12,2023,March,March
966,2023,13,2023,March,March
967,2023,14,2023,April,April
968,2023,15,2023,April,April
969,2023,16,2023,April,April
970,2023,17,2023,April,April
971,2023,18,2023,May,May
972,2023,19,2023,May,May
973,2023,20,2023,May,May
974,2023,21,2023,May,May
975,2023,22,2023,June,June
976,2023,23,2023,June,June
977,2023,24,2023,June,June
978,2023,25,2023,June,June
979,2023,26,2023,June,June
980,2023,27,2024,July,July
981,2023,28,2024,July,July
982,2023,29,2024,July,July
983,2023,30,2024,July,July
984,2023,31,2024,August,August
985,2023,32,2024,August,August
986,2023,33,2024,August,August
987,2023,34,2024,August,August
988,2023,35,2024,September,September
989,2023,36,2024,September,September
990,2023,37,2024,September,September
991,2023,38,2024,September,September
992,2023,39,2024,September,September
993,2023,40,2024,October,October
994,2023,41,2024,October,October
995,2023,42,2024,October,October
996,2023,43,2024,October,October
997,2023,44,2024,November,November
998,2023,45,2024,November,November
999,2023,46,2024,November,November
1000,2023,47,2024,November,November
1001,2023,48,2024,December,December
1002,2023,49,2024,December,December
1003,2023,50,2024,December,December
1004,2023,51,2024,December,December
1005,2023,52,2024,December,December
